[{"model": "admin.logentry", "pk": 1, "fields": {"action_time": "2022-11-26T16:23:13.049Z", "user": 1, "content_type": 7, "object_id": "1", "object_repr": "Coordinates object (1)", "action_flag": 1, "change_message": "[{\"added\": {}}]"}}, {"model": "admin.logentry", "pk": 2, "fields": {"action_time": "2022-11-26T16:24:44.889Z", "user": 1, "content_type": 8, "object_id": "1", "object_repr": "first", "action_flag": 1, "change_message": "[{\"added\": {}}]"}}, {"model": "admin.logentry", "pk": 3, "fields": {"action_time": "2022-11-26T16:24:55.796Z", "user": 1, "content_type": 10, "object_id": "1", "object_repr": "x=10", "action_flag": 1, "change_message": "[{\"added\": {}}]"}}, {"model": "auth.permission", "pk": 1, "fields": {"name": "Can add log entry", "content_type": 1, "codename": "add_logentry"}}, {"model": "auth.permission", "pk": 2, "fields": {"name": "Can change log entry", "content_type": 1, "codename": "change_logentry"}}, {"model": "auth.permission", "pk": 3, "fields": {"name": "Can delete log entry", "content_type": 1, "codename": "delete_logentry"}}, {"model": "auth.permission", "pk": 4, "fields": {"name": "Can view log entry", "content_type": 1, "codename": "view_logentry"}}, {"model": "auth.permission", "pk": 5, "fields": {"name": "Can add permission", "content_type": 2, "codename": "add_permission"}}, {"model": "auth.permission", "pk": 6, "fields": {"name": "Can change permission", "content_type": 2, "codename": "change_permission"}}, {"model": "auth.permission", "pk": 7, "fields": {"name": "Can delete permission", "content_type": 2, "codename": "delete_permission"}}, {"model": "auth.permission", "pk": 8, "fields": {"name": "Can view permission", "content_type": 2, "codename": "view_permission"}}, {"model": "auth.permission", "pk": 9, "fields": {"name": "Can add group", "content_type": 3, "codename": "add_group"}}, {"model": "auth.permission", "pk": 10, "fields": {"name": "Can change group", "content_type": 3, "codename": "change_group"}}, {"model": "auth.permission", "pk": 11, "fields": {"name": "Can delete group", "content_type": 3, "codename": "delete_group"}}, {"model": "auth.permission", "pk": 12, "fields": {"name": "Can view group", "content_type": 3, "codename": "view_group"}}, {"model": "auth.permission", "pk": 13, "fields": {"name": "Can add user", "content_type": 4, "codename": "add_user"}}, {"model": "auth.permission", "pk": 14, "fields": {"name": "Can change user", "content_type": 4, "codename": "change_user"}}, {"model": "auth.permission", "pk": 15, "fields": {"name": "Can delete user", "content_type": 4, "codename": "delete_user"}}, {"model": "auth.permission", "pk": 16, "fields": {"name": "Can view user", "content_type": 4, "codename": "view_user"}}, {"model": "auth.permission", "pk": 17, "fields": {"name": "Can add content type", "content_type": 5, "codename": "add_contenttype"}}, {"model": "auth.permission", "pk": 18, "fields": {"name": "Can change content type", "content_type": 5, "codename": "change_contenttype"}}, {"model": "auth.permission", "pk": 19, "fields": {"name": "Can delete content type", "content_type": 5, "codename": "delete_contenttype"}}, {"model": "auth.permission", "pk": 20, "fields": {"name": "Can view content type", "content_type": 5, "codename": "view_contenttype"}}, {"model": "auth.permission", "pk": 21, "fields": {"name": "Can add session", "content_type": 6, "codename": "add_session"}}, {"model": "auth.permission", "pk": 22, "fields": {"name": "Can change session", "content_type": 6, "codename": "change_session"}}, {"model": "auth.permission", "pk": 23, "fields": {"name": "Can delete session", "content_type": 6, "codename": "delete_session"}}, {"model": "auth.permission", "pk": 24, "fields": {"name": "Can view session", "content_type": 6, "codename": "view_session"}}, {"model": "auth.permission", "pk": 25, "fields": {"name": "Can add Координаты", "content_type": 7, "codename": "add_coordinates"}}, {"model": "auth.permission", "pk": 26, "fields": {"name": "Can change Координаты", "content_type": 7, "codename": "change_coordinates"}}, {"model": "auth.permission", "pk": 27, "fields": {"name": "Can delete Координаты", "content_type": 7, "codename": "delete_coordinates"}}, {"model": "auth.permission", "pk": 28, "fields": {"name": "Can view Координаты", "content_type": 7, "codename": "view_coordinates"}}, {"model": "auth.permission", "pk": 29, "fields": {"name": "Can add Станция", "content_type": 8, "codename": "add_station"}}, {"model": "auth.permission", "pk": 30, "fields": {"name": "Can change Станция", "content_type": 8, "codename": "change_station"}}, {"model": "auth.permission", "pk": 31, "fields": {"name": "Can delete Станция", "content_type": 8, "codename": "delete_station"}}, {"model": "auth.permission", "pk": 32, "fields": {"name": "Can view Станция", "content_type": 8, "codename": "view_station"}}, {"model": "auth.permission", "pk": 33, "fields": {"name": "Can add Координаты станции", "content_type": 9, "codename": "add_stationcoordinates"}}, {"model": "auth.permission", "pk": 34, "fields": {"name": "Can change Координаты станции", "content_type": 9, "codename": "change_stationcoordinates"}}, {"model": "auth.permission", "pk": 35, "fields": {"name": "Can delete Координаты станции", "content_type": 9, "codename": "delete_stationcoordinates"}}, {"model": "auth.permission", "pk": 36, "fields": {"name": "Can view Координаты станции", "content_type": 9, "codename": "view_stationcoordinates"}}, {"model": "auth.permission", "pk": 37, "fields": {"name": "Can add Состояние", "content_type": 10, "codename": "add_instructions"}}, {"model": "auth.permission", "pk": 38, "fields": {"name": "Can change Состояние", "content_type": 10, "codename": "change_instructions"}}, {"model": "auth.permission", "pk": 39, "fields": {"name": "Can delete Состояние", "content_type": 10, "codename": "delete_instructions"}}, {"model": "auth.permission", "pk": 40, "fields": {"name": "Can view Состояние", "content_type": 10, "codename": "view_instructions"}}, {"model": "auth.user", "pk": 1, "fields": {"password": "pbkdf2_sha256$260000$O4iqfCcy8VIuthE34d5He3$zSbK6N8nRndkMqX2H86Fp89LZDrMPIzT2i1dGPZdZvc=", "last_login": "2022-11-26T16:22:24.749Z", "is_superuser": true, "username": "superuser", "first_name": "", "last_name": "", "email": "kurvinkl@gmail.com", "is_staff": true, "is_active": true, "date_joined": "2022-11-26T16:22:03.844Z", "groups": [], "user_permissions": []}}, {"model": "auth.user", "pk": 2, "fields": {"password": "pbkdf2_sha256$260000$7kSqurFe96tJ8ycj0j95rL$7Ncc8Zz92XYRbFyiaxIY5fQtr+7OkxwMYHmSVrFvD9A=", "last_login": null, "is_superuser": false, "username": "user_1", "first_name": "", "last_name": "", "email": "", "is_staff": false, "is_active": true, "date_joined": "2022-11-27T20:29:19.840Z", "groups": [], "user_permissions": []}}, {"model": "auth.user", "pk": 3, "fields": {"password": "pbkdf2_sha256$260000$snQ4WMoj89tLAuymua33tB$TAsa2C1s7yBhVgFr9lho0gj6hlsB7M34XXiFE3pWLpE=", "last_login": null, "is_superuser": false, "username": "user_2", "first_name": "", "last_name": "", "email": "", "is_staff": false, "is_active": true, "date_joined": "2022-11-27T20:34:01.074Z", "groups": [], "user_permissions": []}}, {"model": "contenttypes.contenttype", "pk": 1, "fields": {"app_label": "admin", "model": "logentry"}}, {"model": "contenttypes.contenttype", "pk": 2, "fields": {"app_label": "auth", "model": "permission"}}, {"model": "contenttypes.contenttype", "pk": 3, "fields": {"app_label": "auth", "model": "group"}}, {"model": "contenttypes.contenttype", "pk": 4, "fields": {"app_label": "auth", "model": "user"}}, {"model": "contenttypes.contenttype", "pk": 5, "fields": {"app_label": "contenttypes", "model": "contenttype"}}, {"model": "contenttypes.contenttype", "pk": 6, "fields": {"app_label": "sessions", "model": "session"}}, {"model": "contenttypes.contenttype", "pk": 7, "fields": {"app_label": "api", "model": "coordinates"}}, {"model": "contenttypes.contenttype", "pk": 8, "fields": {"app_label": "api", "model": "station"}}, {"model": "contenttypes.contenttype", "pk": 9, "fields": {"app_label": "api", "model": "stationcoordinates"}}, {"model": "contenttypes.contenttype", "pk": 10, "fields": {"app_label": "api", "model": "instructions"}}, {"model": "sessions.session", "pk": "isz5lgzv0fcelz4xmj9ry3bj0pnexxk0", "fields": {"session_data": ".eJxVjMsOwiAQRf-FtSG8Cy7d-w1kGAapGkhKuzL-uzbpQrf3nHNfLMK21rgNWuKc2ZlJdvrdEuCD2g7yHdqtc-xtXebEd4UfdPBrz_S8HO7fQYVRv7UzzmuLyktUFIyfMigfChmF0gjIVpDNesKgixNeOgyYHEBxVpIuAdn7A8gdN7M:1oyxwe:_SVKcySqE-2AKhbxtcBc6DfGpRgkiIXvD5DzxTARMS4", "expire_date": "2022-12-10T16:22:24.755Z"}}, {"model": "api.instructions", "pk": 1, "fields": {"user": 1, "axis": "x", "distance": 10}}, {"model": "api.instructions", "pk": 2, "fields": {"user": 2, "axis": "x", "distance": 15}}, {"model": "api.instructions", "pk": 3, "fields": {"user": 2, "axis": "x", "distance": 15}}, {"model": "api.instructions", "pk": 4, "fields": {"user": 2, "axis": "y", "distance": 20}}, {"model": "api.instructions", "pk": 5, "fields": {"user": 2, "axis": "y", "distance": 20}}, {"model": "api.instructions", "pk": 6, "fields": {"user": 2, "axis": "y", "distance": 20}}, {"model": "api.instructions", "pk": 7, "fields": {"user": 2, "axis": "y", "distance": 20}}, {"model": "api.instructions", "pk": 8, "fields": {"user": 2, "axis": "y", "distance": 20}}, {"model": "api.instructions", "pk": 9, "fields": {"user": 2, "axis": "y", "distance": 20}}, {"model": "api.instructions", "pk": 10, "fields": {"user": 2, "axis": "y", "distance": 20}}, {"model": "api.instructions", "pk": 11, "fields": {"user": 2, "axis": "y", "distance": 20}}, {"model": "api.instructions", "pk": 12, "fields": {"user": 2, "axis": "z", "distance": 30}}, {"model": "api.instructions", "pk": 13, "fields": {"user": 2, "axis": "z", "distance": -1000}}, {"model": "api.instructions", "pk": 14, "fields": {"user": 2, "axis": "x", "distance": -1000}}, {"model": "api.instructions", "pk": 15, "fields": {"user": 2, "axis": "x", "distance": -1000}}, {"model": "api.instructions", "pk": 16, "fields": {"user": 2, "axis": "x", "distance": -1000}}, {"model": "api.instructions", "pk": 17, "fields": {"user": 2, "axis": "x", "distance": -1000}}, {"model": "api.instructions", "pk": 18, "fields": {"user": 2, "axis": "x", "distance": 5}}, {"model": "api.instructions", "pk": 19, "fields": {"user": 2, "axis": "x", "distance": 5}}, {"model": "api.instructions", "pk": 20, "fields": {"user": 2, "axis": "x", "distance": -500}}, {"model": "api.instructions", "pk": 21, "fields": {"user": 2, "axis": "x", "distance": -500}}, {"model": "api.instructions", "pk": 22, "fields": {"user": 2, "axis": "x", "distance": -500}}, {"model": "api.instructions", "pk": 23, "fields": {"user": 2, "axis": "x", "distance": -500}}, {"model": "api.instructions", "pk": 24, "fields": {"user": 2, "axis": "x", "distance": -500}}, {"model": "api.instructions", "pk": 25, "fields": {"user": 2, "axis": "x", "distance": -500}}, {"model": "api.instructions", "pk": 26, "fields": {"user": 2, "axis": "x", "distance": -500}}, {"model": "api.instructions", "pk": 27, "fields": {"user": 2, "axis": "z", "distance": -999}}, {"model": "api.instructions", "pk": 28, "fields": {"user": 2, "axis": "z", "distance": 1}}, {"model": "api.instructions", "pk": 29, "fields": {"user": 2, "axis": "z", "distance": 1}}, {"model": "api.instructions", "pk": 30, "fields": {"user": 2, "axis": "z", "distance": 1}}, {"model": "api.instructions", "pk": 31, "fields": {"user": 2, "axis": "z", "distance": -500}}, {"model": "api.instructions", "pk": 32, "fields": {"user": 2, "axis": "y", "distance": 82}}, {"model": "api.instructions", "pk": 33, "fields": {"user": 2, "axis": "y", "distance": 82}}, {"model": "api.instructions", "pk": 34, "fields": {"user": 2, "axis": "y", "distance": 2}}, {"model": "api.instructions", "pk": 35, "fields": {"user": 2, "axis": "y", "distance": 2}}, {"model": "api.instructions", "pk": 36, "fields": {"user": 2, "axis": "y", "distance": 2}}, {"model": "api.instructions", "pk": 37, "fields": {"user": 2, "axis": "y", "distance": 2}}, {"model": "api.instructions", "pk": 38, "fields": {"user": 2, "axis": "y", "distance": 2}}, {"model": "api.instructions", "pk": 39, "fields": {"user": 2, "axis": "y", "distance": 2}}, {"model": "api.instructions", "pk": 40, "fields": {"user": 2, "axis": "x", "distance": 800}}, {"model": "api.instructions", "pk": 41, "fields": {"user": 2, "axis": "x", "distance": 8}}, {"model": "api.station", "pk": 4, "fields": {"name": "third", "state": "broken", "date_creation": "2022-11-26T16:57:52.099Z", "date_broken": "2022-11-27T23:51:17.143Z", "x": 100, "y": 100, "z": -397}}, {"model": "api.station", "pk": 7, "fields": {"name": "string", "state": "running", "date_creation": "2022-11-30T17:29:54.787Z", "date_broken": null, "x": 100, "y": 100, "z": 100}}, {"model": "api.station", "pk": 8, "fields": {"name": "First", "state": "running", "date_creation": "2022-11-30T21:43:33.075Z", "date_broken": null, "x": 100, "y": 100, "z": 100}}, {"model": "api.station", "pk": 9, "fields": {"name": "25414", "state": "running", "date_creation": "2022-11-30T21:45:02.978Z", "date_broken": null, "x": 100, "y": 100, "z": 100}}, {"model": "api.station", "pk": 10, "fields": {"name": "xXDvSv", "state": "running", "date_creation": "2022-11-30T21:46:27.431Z", "date_broken": null, "x": 100, "y": 100, "z": 100}}, {"model": "api.station", "pk": 11, "fields": {"name": "xdSDGSg", "state": "running", "date_creation": "2022-11-30T21:50:19.528Z", "date_broken": null, "x": 100, "y": 100, "z": 100}}, {"model": "api.station", "pk": 12, "fields": {"name": "sdggsgdsgs", "state": "running", "date_creation": "2022-11-30T22:02:20.415Z", "date_broken": null, "x": 100, "y": 100, "z": 100}}, {"model": "api.station", "pk": 13, "fields": {"name": "strindvsddsgdgg", "state": "running", "date_creation": "2022-11-30T22:03:34.689Z", "date_broken": null, "x": 100, "y": 100, "z": 100}}, {"model": "api.station", "pk": 14, "fields": {"name": "dsgsdgsagasg", "state": "running", "date_creation": "2022-11-30T22:05:23.079Z", "date_broken": null, "x": 100, "y": 100, "z": 100}}, {"model": "api.station", "pk": 15, "fields": {"name": "12424445", "state": "running", "date_creation": "2022-11-30T22:05:57.233Z", "date_broken": null, "x": 100, "y": 100, "z": 100}}]